Metric,Value
R2,0.34083425723332383
MAE,1.6706470302001308
RMSE,2.5957925001504134
